<?xml version="1.0" encoding="UTF-8"?>
<!DOCTYPE mapper PUBLIC "-//mybatis.org//DTD Mapper 3.0//EN" "http://mybatis.org/dtd/mybatis-3-mapper.dtd" >
<mapper namespace="com.heitian.ssm.dao.UserDao">

    <resultMap id="UserBaseMap" type="com.heitian.ssm.model.User">
        <id column="id" property="id" jdbcType="BIGINT"/>
        <result column="user_name" property="userName" jdbcType="VARCHAR"/>
        <result column="user_phone" property="userPhone" jdbcType="VARCHAR"/>
        <result column="user_email" property="userEmail" jdbcType="VARCHAR"/>
        <result column="user_pwd" property="userPwd" jdbcType="VARCHAR"/>
        <result column="pwd_salt" property="pwdSalt" jdbcType="VARCHAR"/>
        <result column="create_time" property="createTime" jdbcType="DATE"/>
        <result column="modify_time" property="modifyTime" jdbcType="DATE"/>
        <result column="is_delete" property="isDelete" jdbcType="SMALLINT"></result>
    </resultMap>

    <select id="selectUserById" parameterType="java.lang.Long" resultMap="UserBaseMap">
        SELECT * FROM t_user
        WHERE id = #{userId}
    </select>

    <select id="selectUserByPhoneOrEmail" resultMap="UserBaseMap">
        SELECT * FROM t_user
        WHERE user_email = #{emailOrPhone} OR user_phone = #{emailOrPhone}
        AND user_state = #{state}
    </select>

    <select id="selectAllUser" resultMap="UserBaseMap">
        SELECT * FROM t_user as info
        <trim prefix="where" prefixOverrides="AND">
            <if test="userName!=null and userName!=''">
                AND info.user_name LIKE concat('%',#{userName},'%')
            </if>
        </trim>
    </select>

    <insert id="saveUser" parameterType="com.heitian.ssm.model.User">
        insert into t_user(user_name,user_phone,user_email) VALUE (#{userName},#{userPhone},#{userEmail})
    </insert>

    <update id="updateUser" parameterType="com.heitian.ssm.model.User">
        update t_user set user_name=#{userName},user_phone = #{userPhone},user_email = #{userEmail} where id=#{id}
    </update>

    <delete id="deleteUser" parameterType="java.lang.Long">
        DELETE from t_user WHERE id = #{id}
    </delete>


    <select id="selectListOrPageBySql" parameterType="com.heitian.ssm.base.model.BaseQueryModel"
            resultMap="UserBaseMap">
        SELECT * FROM t_user info
        <trim prefix="where" prefixOverrides="AND">
            <!-- 标识 -->
            <if test="id != null and id != ''">
                AND info.id = #{id}
            </if>
        </trim>
        <if test="sortField != null">
            ORDER BY
            <choose>
                <when test="sortField == ''"></when>
                <otherwise>info.${orderColumn}</otherwise>
            </choose>
            ${sortType}
        </if>
    </select>

</mapper>