<?xml version="1.0" encoding="UTF-8"?>
<beans xmlns="http://www.springframework.org/schema/beans"
       xmlns:xsi="http://www.w3.org/2001/XMLSchema-instance" xmlns:p="http://www.springframework.org/schema/p"
       xmlns:context="http://www.springframework.org/schema/context"
       xmlns:mvc="http://www.springframework.org/schema/mvc"
       xsi:schemaLocation="http://www.springframework.org/schema/beans
                        http://www.springframework.org/schema/beans/spring-beans-4.0.xsd
                        http://www.springframework.org/schema/context
                        http://www.springframework.org/schema/context/spring-context-4.0.xsd
                        http://www.springframework.org/schema/mvc
                        http://www.springframework.org/schema/mvc/spring-mvc-4.0.xsd">

    <!-- 自动扫描  @Controller-->
    <context:component-scan base-package="com.heitian.ssm.controller"/>

    <bean class="org.springframework.web.servlet.mvc.method.annotation.RequestMappingHandlerMapping" />
    <bean class="org.springframework.web.servlet.mvc.method.annotation.RequestMappingHandlerAdapter">
        <property name="messageConverters">
            <list>
                <bean class="org.springframework.http.converter.StringHttpMessageConverter">
                    <property name="supportedMediaTypes">
                        <list>
                            <value>text/html; charset=UTF-8</value>
                            <value>application/json;charset=UTF-8</value>
                        </list>
                    </property>
                </bean>
                <bean class="org.springframework.http.converter.json.MappingJackson2HttpMessageConverter">
                    <property name="supportedMediaTypes">
                        <list>
                            <value>text/html; charset=UTF-8</value>
                            <value>application/json;charset=UTF-8</value>
                        </list>
                    </property>
                </bean>
            </list>
        </property>
    </bean>

    <!--&lt;!&ndash;避免IE执行AJAX时，返回JSON出现下载文件 &ndash;&gt;
    <bean id="mappingJacksonHttpMessageConverter"
          class="org.springframework.http.converter.json.MappingJackson2HttpMessageConverter">
        <property name="supportedMediaTypes">
            <list>
                <value>application/json;charset=UTF-8</value>
                <value>text/html;charset=UTF-8</value>
            </list>
        </property>
    </bean>
    &lt;!&ndash; 启动SpringMVC的注解功能，完成请求和注解POJO的映射 &ndash;&gt;
    <bean class="org.springframework.web.servlet.mvc.annotation.AnnotationMethodHandlerAdapter">
        <property name="messageConverters">
            <list>
                <ref bean="mappingJacksonHttpMessageConverter"/> &lt;!&ndash; JSON转换器 &ndash;&gt;
            </list>
        </property>
    </bean>-->


    <!-- 定义跳转的文件的前后缀 ，视图模式配置 -->
    <bean class="org.springframework.web.servlet.view.InternalResourceViewResolver">
        <property name="prefix" value="/WEB-INF/jsp/" />
        <property name="suffix" value=".jsp"/>
        <property name="contentType" value="text/html;charset=utf-8"/>
        <property name="requestContextAttribute" value="request"/>
    </bean>

    <!-- 文件上传配置 -->
    <bean id="multipartResolver" class="org.springframework.web.multipart.commons.CommonsMultipartResolver">
        <!-- 默认编码 -->
        <property name="defaultEncoding" value="UTF-8"/>
        <!-- 上传文件大小限制为31M，31*1024*1024 -->
        <property name="maxUploadSize" value="32505856"/>
        <!-- 内存中的最大值 -->
        <property name="maxInMemorySize" value="4096"/>
    </bean>
</beans>